model,term,coef,se_cluster,p_cluster,se_hc3
attributes,"C(vtype, Treatment('Car'))[T.Both]",-0.03891,0.01692,0.02145,0.00379
attributes,"C(vtype, Treatment('Car'))[T.Truck]",0.07229,0.01532,0.0,0.00423
attributes,"C(drive, Treatment('front'))[T.all/4-wheel]",0.02527,0.02426,0.29763,0.0045
attributes,"C(drive, Treatment('front'))[T.rear]",0.0308,0.03033,0.30991,0.00386
attributes,log_weight,0.30682,0.05633,0.0,0.01622
attributes,log_hp,0.37656,0.03054,0.0,0.00718
attributes + technology,"C(vtype, Treatment('Car'))[T.Both]",-0.01872,0.01947,0.33617,
attributes + technology,"C(vtype, Treatment('Car'))[T.Truck]",0.06454,0.01277,0.0,
attributes + technology,"C(drive, Treatment('front'))[T.all/4-wheel]",0.02814,0.01518,0.06384,
attributes + technology,"C(drive, Treatment('front'))[T.rear]",0.02497,0.0176,0.15604,
attributes + technology,"C(trans, Treatment('automatic'))[T.CVT]",-0.2402,0.03236,0.0,
attributes + technology,"C(trans, Treatment('automatic'))[T.automated manual]",0.00659,0.01559,0.67254,
attributes + technology,"C(trans, Treatment('automatic'))[T.manual]",0.03964,0.0153,0.00958,
attributes + technology,log_weight,0.3214,0.04843,0.0,
attributes + technology,log_hp,0.22067,0.02286,0.0,
attributes + technology,log_displ,0.1045,0.0291,0.00033,
attributes + technology,gears,-0.02583,0.00357,0.0,
attributes + technology,cylinders,0.02384,0.0075,0.00148,
